sn,food_name,edible_portion,moisture,protein,fat,carbs,minerals,fiber,calories,calcium,phosphorus,iron,carotene,vitamin_c,thiamine,riboflavin,niacin,cluster_id
1,Amaranth seed,100.0,10.6,9.4,7.17,68.1,2.6,2.2,375.0,37.0,529.1,5.2,,,,,,4
2,Barely,100.0,12.5,11.5,1.3,69.6,1.2,3.9,336.0,26.0,215.0,1.7,10.0,0.0,0.47,0.2,5.4,4
3,Buck wheat (whole),74.0,11.3,10.3,2.4,65.1,2.3,8.6,323.0,64.0,355.0,15.5,0.0,0.0,0.9,0.34,4.4,4
4,Bajra,84.0,12.4,11.6,5.0,67.5,2.3,1.2,361.0,42.0,296.0,8.0,132.0,0.0,0.33,0.25,2.3,4
5,Bamboo seed,100.0,7.8,13.1,1.1,75.9,1.1,0.9,367.0,37.0,162.0,6.4,,,0.17,0.12,1.1,4
6,Buckwheat flour,,12.2,6.1,1.3,69.2,3.1,7.8,313.0,,,5.6,,,,,,4
7,Foxtail millet,79.0,11.2,12.3,4.3,60.9,3.3,8.0,331.0,31.0,290.0,12.9,32.0,,0.59,0.11,3.2,4
8,Finger millet (Ragi),100.0,13.1,7.3,1.3,72.0,2.7,3.6,328.0,344.0,283.0,3.9,42.0,,0.42,0.19,1.1,4
9,Prosomillet (chino),100.0,8.67,11.0,4.22,72.9,3.25,1.0,378.0,8.0,28.5,3.0,,,,,,4
10,French millet,59.0,11.9,12.5,1.1,70.4,1.9,2.2,341.0,14.0,206.0,5.0,0.0,,0.2,0.18,2.3,4
11,Jowar,100.0,11.9,10.4,1.9,72.6,1.6,1.6,349.0,25.0,222.0,5.8,47.0,0.0,0.37,0.13,3.2,4
12,Maize green (tender),37.0,67.1,4.7,0.9,24.6,0.8,1.9,125.0,9.0,121.0,1.1,32.0,0.0,0.11,0.17,0.6,0
13,Maize Dry,100.0,14.9,11.1,3.6,66.2,1.5,2.7,342.0,10.0,348.0,3.3,90.0,0.0,0.42,0.1,1.8,4
14,Maize dry (Murali),,8.87,12.1,4.31,70.9,1.4,2.2,372.0,,343.0,,,,,,,4
15,Maize flour (yellow),100.0,12.0,9.2,3.9,72.1,1.2,1.6,360.0,20.0,256.0,2.4,305.0,0.0,0.38,0.11,2.0,4
16,Maize flour (white),100.0,12.0,9.2,3.9,72.1,1.2,1.6,360.0,20.0,256.0,2.4,305.0,0.0,0.38,0.11,2.0,4
17,Millet,100.0,14.4,7.7,1.2,70.1,2.9,3.7,322.0,288.0,276.0,49.1,,,,,,4
18,Maize granular,100.0,12.0,9.0,3.4,74.5,1.1,1.0,362.0,17.0,223.0,1.8,290.0,0.0,0.3,0.08,1.9,4
19,Naked barley white (Uwa),100.0,10.9,12.6,1.6,70.5,2.1,2.3,346.0,25.0,,4.1,,,,,,4
20,Naked barley black (Uwa),100.0,12.1,10.4,1.75,70.9,2.3,2.5,340.0,20.3,,7.5,,,,,,4
21,Uwa flour,100.0,7.17,9.6,2.6,76.7,1.9,2.0,369.0,,,1.4,,,,,,4
22,Oatmeal,100.0,10.7,13.6,7.6,62.8,1.8,3.5,374.0,50.0,380.0,3.8,0.0,,0.98,0.16,1.1,4
23,Rice Parboiled (hand pounded),100.0,12.6,8.5,0.6,77.4,0.9,1.5,349.0,10.0,280.0,2.8,9.0,0.0,0.27,0.12,4.0,4
24,Rice (raw) (Milled),100.0,13.7,6.8,0.5,78.2,0.6,0.2,345.0,10.0,160.0,0.7,0.0,0.0,0.21,0.06,1.9,4
25,Rice (Raw) (Handpounded),100.0,13.3,7.5,1.0,76.7,0.9,0.6,346.0,10.0,190.0,3.2,2.0,0.0,0.21,0.16,3.9,4
26,Rice flakes,100.0,12.2,6.6,1.2,77.3,2.0,0.7,346.0,20.0,238.0,20.0,0.0,0.0,0.05,0.05,4.0,4
27,Rice parboiled (Milled),100.0,13.3,6.4,0.4,79.0,0.7,0.2,345.0,9.0,143.0,1.0,,0.0,0.21,0.05,3.8,4
28,Rice Puff,100.0,14.7,7.5,0.1,73.6,3.8,0.3,325.0,23.0,150.0,6.6,0.0,0.0,0.21,0.01,4.0,4
29,Rice bran,,11.0,13.5,16.2,48.4,6.6,4.3,393.0,67.0,1410.0,35.0,,0.0,2.7,0.48,29.8,4
30,Semolina,100.0,,10.4,0.8,74.8,,0.2,348.0,16.0,102.0,1.6,,,0.21,0.03,,4
31,Sorghum,100.0,14.3,7.6,2.4,74.7,1.0,0.6,357.0,17.0,196.0,3.6,0.0,0.0,0.1,0.03,3.0,4
32,Sarvottam pitho (lito),100.0,2.68,21.29,10.84,61.7,3.08,0.4,427.0,22.5,49.0,4.3,,,,,,1
33,Taichin beaten rice,100.0,10.89,7.68,1.94,77.9,1.08,0.56,360.0,19.11,109.3,,,,,,,4
34,Vermicelli,100.0,11.7,8.7,0.4,78.3,0.7,0.2,352.0,22.0,92.0,2.0,,,0.19,0.05,1.8,4
35,Varagu,,12.9,6.7,0.7,67.0,2.8,3.1,310.0,,,,,,,,,4
36,Varagu flour,100.0,12.5,6.1,1.3,69.2,1.91,2.0,313.0,,,5.56,,,,,,4
37,Wheat flour (whole),100.0,12.2,12.1,1.7,69.4,2.7,1.9,341.0,48.0,355.0,4.9,29.0,0.0,0.49,0.17,4.3,4
38,Wheat flour (refined),100.0,13.3,11.0,0.9,73.9,0.6,0.3,348.0,23.0,121.0,2.7,25.0,0.0,0.12,0.07,2.4,4
39,Wheat germ,100.0,5.2,29.2,7.4,53.3,3.5,1.4,397.0,40.0,846.0,6.0,,0.0,1.4,0.54,2.9,1
40,Wheat bran,,11.9,14.6,3.0,66.0,4.5,6.8,397.0,132.0,975.0,13.8,,0.0,0.54,0.8,5.5,4
B. PULSES & LEGUMES,,,,4.8,0.9,17.9,,1.5,129.0,,,,,,,,,0
41,"Bengal gram, Big, white (whole)",100.0,10.9,21.1,4.0,56.7,2.8,4.5,347.2,56.2,300.0,5.3,,,0.3,0.15,2.9,1
42,Bengal gram dal (chickpea),100.0,9.9,20.8,5.6,59.8,2.7,1.2,372.0,56.0,331.0,5.3,129.0,1.0,0.48,0.18,2.4,1
43,"Bengal gram medium, white",100.0,11.1,23.2,3.7,54.6,2.7,4.7,345.0,45.6,298.0,3.6,,,,,,1
44,"Bengal gram, Dark brown big",100.0,9.8,17.1,5.3,60.9,3.0,3.9,360.0,44.8,312.0,4.6,189.0,3.0,,,,4
45,"Bengal gram, light brown small",100.0,10.9,24.0,4.1,54.9,2.4,3.7,352.5,47.6,194.0,4.4,,,,,,1
46,"Bengal gram, brown small",100.0,10.6,20.6,3.5,59.0,2.8,3.5,349.9,59.2,274.0,5.3,,,,,,1
47,"Bengal gram, Small, White",100.0,11.1,23.2,3.7,54.6,2.7,4.7,344.5,45.6,298.0,3.6,,,,,,1
48,Black gram (Dal),100.0,10.9,24.0,1.4,59.6,3.2,0.9,347.0,154.0,385.0,3.8,38.0,0.0,0.42,0.2,2.3,1
49,Black gram (Whole),100.0,10.6,21.0,1.6,58.8,3.6,4.4,344.0,110.0,348.0,8.4,20.0,2.0,0.58,0.2,2.0,1
50,Broadbean,100.0,13.8,25.0,1.2,29.3,3.1,5.1,328.0,104.0,357.0,4.2,65.0,,0.45,0.19,2.4,1
51,Black bean,100.0,9.73,23.73,1.31,58.7,4.4,2.1,342.0,,,,,,,,,1
52,Bhote simi,100.0,9.73,23.49,3.71,57.7,4.03,1.32,358.0,,,,,,,,,1
53,Cow Pea,97.0,13.4,24.1,1.0,54.5,3.2,3.8,323.0,77.0,414.0,8.6,12.0,0.0,0.51,0.2,1.3,1
54,Fieldbean dry (simi),100.0,9.6,24.9,1.3,60.1,3.2,1.4,347.0,60.0,433.0,4.4,0.0,,0.52,0.16,1.8,1
55,Gram Flour besan,100.0,11.6,17.9,4.3,63.5,2.6,0.1,364.0,129.0,321.0,5.6,,,,,,4
56,"Green gram (Dal), Green",100.0,10.1,24.5,1.2,59.9,3.5,4.2,348.0,75.0,405.0,3.9,49.0,0.0,0.47,0.21,2.4,1
57,Green gram (whole),100.0,10.4,24.0,1.3,56.7,3.5,4.1,335.0,124.0,326.0,7.3,94.0,0.0,0.47,0.39,2.1,1
58,Green peas dry,100.0,10.11,23.33,1.03,61.3,2.83,3.71,348.0,,311.0,1.86,,,,,,1
59,Mung dal (yellow),100.0,8.77,26.71,0.93,58.0,3.87,1.71,348.0,,426.0,1.17,,,,,,1
60,Horsegram black,100.0,11.8,22.0,0.5,57.2,3.2,5.3,321.0,287.0,311.0,6.77,71.0,,0.42,0.2,1.5,1
61,Horsegram red,100.0,12.7,21.11,0.85,57.4,3.83,4.12,322.0,,,,,,,,,1
62,Khesari dal,100.0,10.0,28.2,0.6,56.6,2.3,2.3,345.0,90.0,317.0,6.3,120.0,,0.39,0.17,2.9,1
63,Katike Cow Pea,100.0,10.85,22.86,1.56,56.1,3.6,5.1,330.0,9.0,,,,,,,,1
64,Kause bean,100.0,9.5,18.04,5.26,62.5,3.81,0.88,369.0,,,,,,,,,4
65,Lentil,100.0,12.4,25.1,0.7,59.0,2.1,0.7,343.0,69.0,293.0,7.5,270.0,,0.45,0.2,2.6,1
66,Moth beans,100.0,10.8,23.6,1.1,56.6,3.5,4.5,330.0,202.0,230.0,9.5,9.0,2.0,0.45,0.09,1.5,1
67,Moth beans (Yellow),100.0,10.57,22.95,0.46,59.1,3.68,3.27,358.0,,279.0,9.13,,,,,,1
68,Moth beans (Red),100.0,9.12,19.74,0.7,62.7,4.1,3.63,336.0,,,,,,,,,1
69,Peas (dry),100.0,16.0,19.7,1.9,55.7,2.2,4.5,319.0,75.0,298.0,7.05,39.0,0.0,0.47,0.19,3.4,1
70,Rajmah,100.0,12.0,22.9,1.3,60.6,3.2,4.8,346.0,260.0,410.0,5.1,,,,,,1
71,Red gram dal,100.0,13.4,22.3,1.7,57.6,3.5,1.5,335.0,73.0,304.0,2.7,132.0,,0.45,0.19,2.9,1
72,Soyabean (black),100.0,12.1,33.3,15.0,31.3,4.0,4.3,393.0,213.0,509.0,9.5,10.0,,0.65,0.23,2.8,1
73,Soyabean (Brown),100.0,8.1,43.2,19.5,20.9,4.6,3.7,432.0,240.0,690.0,10.4,426.0,,0.73,0.39,3.2,1
74,Soyabean (white),100.0,10.2,33.3,17.7,29.6,5.0,4.2,411.0,226.0,546.0,8.5,10.0,0.0,0.66,0.22,2.2,1
75,Tarbare Simi (red),100.0,12.0,23.52,1.42,57.8,3.98,1.24,338.0,,,,,,,,,1
76,Sprout bean,,85.0,13.0,0.2,0.5,0.5,0.8,56.0,5.7,46.0,3.8,,16.8,,,,0
77,White peas big,100.0,12.3,23.3,0.8,58.0,2.5,3.1,332.0,11.0,348.0,5.3,,,,,,1
78,White bean,100.0,13.66,22.6,1.42,56.6,4.81,1.42,330.0,,434.0,3.8,,,,,,1
79,Mung (Titura),100.0,8.6,26.2,1.3,59.5,3.5,0.9,355.0,11.0,394.0,4.8,,,,,,1
80,Tofu (Soybean product),,80.5,16.5,0.3,1.6,1.1,0.03,75.0,18.4,144.0,1.0,,,,,,0
81,Nutrila (Soybean),100.0,10.0,46.9,1.0,33.2,6.4,1.4,329.0,33.0,565.0,12.8,,,,,,1
82,Amaranth (spined),,85.0,3.0,0.3,7.0,3.6,1.1,43.0,800.0,50.0,22.9,3504.0,33.0,0.0,,,0
83,Amaranth (tender),,85.7,4.0,0.5,6.1,2.7,1.0,45.0,397.0,83.0,3.49,5520.0,99.0,0.03,0.3,1.2,0
84,Asparagus (Kurilo),86.8,92.5,3.3,0.1,2.7,0.6,0.8,25.0,30.6,45.5,1.3,,12.8,,,,0
85,Agathi,,73.1,8.4,1.4,11.8,3.1,2.2,93.0,1130.0,80.0,3.9,5400.0,169.0,0.21,0.09,1.2,0
86,Aniseed leaves,84.0,88.46,2.86,0.59,5.2,1.71,1.15,38.0,119.9,63.0,4.51,1575.52,42.31,,,,0
87,Bethel leaves,,89.6,3.7,0.4,2.9,2.6,0.8,30.0,150.0,80.0,4.2,1740.0,35.0,0.01,0.14,0.6,0
88,Beet green,51.0,86.4,3.4,0.8,6.5,2.2,0.7,46.0,380.0,30.0,16.2,5862.0,70.0,0.26,0.56,3.3,0
89,Buckwheat leaves,,89.78,3.92,0.11,3.8,1.86,0.87,31.0,,,,,81.85,,,,0
90,Bengalgram leaves,92.0,73.4,7.0,1.4,14.1,2.1,2.0,97.0,340.0,120.0,23.8,978.0,61.0,0.09,0.1,0.6,0
91,Bottleguard leaves,,87.9,2.3,0.7,6.1,1.7,1.3,39.0,80.0,59.0,,,,,,,0
92,Broadbean leaves,,77.6,5.6,0.3,11.5,1.3,1.7,71.0,111.0,149.0,,,,,,,0
93,Brussels sprouts,100.0,85.5,4.7,0.5,7.1,1.0,1.2,52.0,43.0,82.0,1.8,126.0,72.0,0.05,0.16,0.4,0
94,Cabbage green,88.0,91.9,1.8,0.1,4.6,0.6,1.0,27.0,39.0,44.0,0.8,120.0,124.0,0.06,0.09,0.4,0
95,Cabbage purple,90.0,91.6,1.9,0.2,3.5,0.6,2.2,11.0,22.7,50.4,1.1,,,,,,0
96,"Cauliflower, Green",71.0,80.0,5.9,1.3,7.6,3.2,2.0,66.0,626.0,107.0,40.0,,,,,,0
97,Cauliflower (flower only),100.0,88.48,0.75,2.4,6.6,,0.25,41.0,11.51,74.63,0.85,,86.62,,,,0
98,Choisum Sag,,88.1,2.7,0.3,6.4,1.0,1.5,39.0,65.2,91.0,1.5,,10.3,,,,0
99,Chukandar,87.4,87.9,2.8,0.1,7.8,1.0,0.4,43.0,20.0,53.3,1.3,,,,,,0
100,Chocho leaves,71.07,91.42,3.01,0.21,3.2,1.19,1.01,27.0,42.53,76.38,2.26,1042.66,11.92,,,,0
101,Coriander leaves,70.0,86.3,3.3,0.6,6.3,2.3,1.2,44.0,184.0,71.0,1.42,6918.0,135.0,0.05,0.06,0.8,0
102,Carrot leaves,51.0,76.6,5.1,0.5,13.1,2.8,1.9,77.0,340.0,110.0,8.8,5700.0,79.0,0.04,0.37,2.1,0
103,Celery leaves,,88.0,6.3,0.6,1.6,2.1,1.4,37.0,230.0,140.0,6.3,3990.0,62.0,0.0,0.11,1.2,0
104,Colocasia leaves (Black variety),,78.8,6.8,2.0,8.1,2.5,1.8,77.0,460.0,125.0,0.98,12000.0,63.0,0.06,0.45,1.9,0
105,Colocasia leaves (Green variety),,82.7,3.9,1.5,6.8,2.2,2.9,56.0,227.0,82.0,10.0,10278.0,12.0,0.22,0.26,1.1,0
106,Colocasia leaves (dried),,9.3,13.7,5.9,42.3,12.8,16.0,277.0,1546.0,308.0,,,,,,,3
107,Cowpea leaves,,89.0,3.4,0.7,4.1,1.6,1.2,38.0,290.0,58.0,20.1,6918.0,4.0,0.05,0.18,0.6,0
108,Dundu,,91.39,2.57,0.9,3.66,1.16,1.22,25.0,86.22,,,,11.92,,,,0
109,Drumstick leaves,75.0,75.9,6.7,1.7,12.5,2.3,0.9,92.0,440.0,70.0,0.85,6780.0,220.0,0.06,0.05,0.8,0
110,Fenugreek leaves,59.0,86.1,4.4,0.9,6.0,1.5,1.1,49.0,395.0,51.0,1.93,2340.0,52.0,0.04,0.31,0.8,0
111,Garden cress,,82.3,5.8,1.0,8.7,2.2,1.5,67.0,360.0,110.0,28.6,,,0.15,,,0
112,Garden sorrel,100.0,91.9,0.6,0.2,5.1,0.9,1.3,25.0,130.0,20.0,1.7,78.0,5.0,0.0,0.07,1.2,0
113,Garlic (stem & leaves),92.0,79.5,2.4,0.5,15.1,0.9,1.6,76.0,53.0,42.0,0.6,845.0,36.0,0.1,0.13,0.6,0
114,Gyanth Kobi,,89.6,2.6,1.0,6.0,0.63,0.2,43.0,19.3,50.8,13.2,,8.6,,,,0
115,Gyanth Kobi Leaves,,86.0,2.8,0.5,9.7,0.2,0.8,56.0,31.1,56.0,0.1,,10.1,,,,0
116,Gothale Sag,,83.8,2.07,0.4,9.6,2.06,2.01,51.0,274.0,,,,31.6,,,,0
117,jaluka Saag,,87.0,2.4,0.43,5.5,1.66,3.02,35.0,254.45,49.0,3.6,,3.25,,,,0
118,Khesari leaves,,84.2,6.1,1.0,5.5,1.1,2.1,55.0,160.0,100.0,7.3,3000.0,41.0,0.01,0.03,,0
119,Koiralo Sag,,78.1,3.6,1.0,9.7,2.1,5.5,62.0,312.0,92.0,,,,,,,0
120,Khole garden cress,,89.16,3.5,0.4,4.4,1.57,0.95,35.0,113.0,,,,,,,,0
121,Knol-knol green,73.0,86.7,3.5,0.4,6.4,1.2,1.8,43.0,740.0,50.0,13.3,4146.0,157.0,0.25,,3.0,0
122,Kitchen garden pesley,51.0,90.5,2.4,0.6,2.9,2.3,1.3,27.0,111.0,45.0,14.8,2292.0,29.0,0.22,0.7,29.0,0
123,lettuce,66.0,93.4,2.1,0.3,2.5,1.2,0.5,21.0,50.0,28.0,2.4,990.0,10.0,0.09,0.13,0.5,0
124,love-lies bleeding,,90.0,3.0,0.7,2.0,3.3,1.0,26.0,200.0,40.0,,,,,,,0
125,Mint,45.0,84.9,4.8,0.6,5.8,1.9,2.0,48.0,200.0,62.0,15.6,1620.0,27.0,0.05,0.26,1.0,0
126,Mustard leaves,,89.8,4.0,0.6,3.2,1.6,0.8,34.0,155.0,26.0,16.3,2622.0,33.0,0.03,,,0
127,Nakore sag,,87.16,2.49,0.18,8.0,1.26,0.89,44.0,83.54,,,,84.39,,,,0
128,Niguro green,,93.25,1.15,0.15,3.4,,0.99,19.0,,117.0,1.03,,6.2,0.03,0.0,1.5,0
129,Neem leaves tender,100.0,59.4,11.6,3.0,21.2,2.6,2.2,158.0,130.0,190.0,25.3,2760.0,104.0,0.03,0.0,1.5,0
130,Poisag,,90.8,2.8,0.4,4.2,1.8,1.5,32.0,200.0,35.0,1.0,7440.0,87.0,0.03,0.16,1.0,0
131,Patua sag,,81.4,5.1,1.1,8.1,2.7,1.6,63.0,241.0,93.0,,,,,,,0
132,Potato leaves,,88.4,4.4,0.9,3.6,1.8,1.3,40.0,120.0,50.0,,,,,,,0
133,Pumpkin leaves,,81.9,4.6,0.8,6.9,3.7,2.1,53.0,392.0,112.0,,497.9,,,,,0
134,Purple Cabbage,90.0,91.6,1.9,0.2,52.0,0.6,2.2,66.0,22.7,50.4,1.1,,,,,,0
135,Rape leaves,,84.9,5.1,0.4,5.9,2.5,1.2,48.0,370.0,110.0,12.5,130.0,65.0,0.01,0.03,0.9,0
136,Radish leaves,100.0,90.8,3.8,0.4,2.4,1.6,1.0,28.0,265.0,59.0,0.9,1300.86,81.0,0.18,0.47,0.8,0
137,Rapes leaves dried,,7.4,27.0,2.9,40.7,15.3,6.7,297.0,3095.0,500.0,,,,,,,1
138,Safflower leaves,66.0,91.1,2.5,0.6,4.5,1.3,1.5,33.0,185.0,35.0,5.7,3540.0,15.0,0.04,0.1,0.0,0
139,Sim saag fresh,79.0,93.74,2.4,0.44,1.5,1.23,0.67,20.0,127.07,52.72,3.2,2685.31,,,,,0
140,Spinach,,92.1,2.0,0.7,2.9,1.7,0.6,26.0,73.0,21.0,1.14,,28.0,0.03,0.26,0.5,0
141,Stinging Nettle (Sisnu) leaves,,81.7,6.9,0.2,5.0,4.2,1.8,53.0,981.3,,,,5.5,,,,0
142,Soya leaves,,79.5,6.0,0.5,10.8,3.2,1.5,72.0,180.0,190.0,8.0,,,0.16,,,0
143,Sweet potato green leaves,100.0,80.7,4.2,0.8,9.7,2.2,2.4,63.0,360.0,60.0,1.14,750.0,27.0,0.24,1.7,27.0,0
144,Sweetchard,100.0,90.1,2.21,0.24,5.3,1.44,0.7,32.0,86.4,26.8,4.57,2660.0,33.83,,,,0
145,Tamarind leaves tender,,8.9,8.6,3.0,60.9,8.5,10.1,305.0,1485.0,124.0,,,,,,,4
146,Tanki Sag,100.0,45.6,1.3,0.8,44.2,4.2,3.7,190.0,361.0,,6.1,,9.5,,,,0
147,Thai spinach,,89.1,2.3,0.3,6.1,1.4,0.8,36.0,79.5,64.8,2.4,,10.0,,,,0
148,Turnip green leaves,51.0,81.9,4.0,1.5,9.4,2.2,1.0,67.0,710.0,60.0,24.4,2136.0,180.0,0.31,0.57,5.4,0
149,Ashgourd,67.0,96.5,0.4,0.1,1.9,0.3,0.8,10.0,30.0,20.0,0.8,0.0,1.0,0.06,0.01,0.4,0
150,Agathi flower,,92.9,1.0,0.5,4.4,0.4,0.8,26.0,9.0,5.0,,,,,,,0
151,Bitter gourd,97.0,92.4,1.6,0.2,4.2,0.8,0.8,25.0,20.0,70.0,0.61,126.0,88.0,0.07,0.09,0.5,0
152,Barela,80.0,90.43,0.99,0.26,6.7,0.81,0.79,33.0,143.65,50.99,2.0,,6.86,,,,0
153,Bottle gourd,86.0,96.1,0.2,0.1,2.5,0.5,0.6,12.0,20.0,10.0,0.46,0.0,0.0,0.03,0.01,0.2,0
154,Brinjal,91.0,92.7,1.4,0.3,4.0,0.3,1.3,24.0,18.0,47.0,0.37,74.0,12.0,0.04,0.11,0.9,0
155,Broadbeans,88.0,85.4,4.5,0.1,7.2,0.8,2.0,48.0,50.0,64.0,1.4,9.0,12.0,0.08,,0.8,0
156,Bamboo shoot (tender),54.0,88.8,3.9,0.5,5.7,1.1,1.5,43.0,20.0,65.0,0.1,0.0,5.0,0.08,0.19,0.2,0
157,Broccoli marrow,80.0,85.61,4.99,0.2,7.1,1.12,0.94,50.0,44.86,108.9,1.52,630.0,,,,,0
158,Cauliflower,70.0,90.8,2.6,0.9,4.0,1.0,1.2,30.0,33.0,57.0,1.23,30.0,56.0,0.04,0.1,1.0,0
159,Cho-chomarrow,,92.5,0.7,0.1,5.7,0.4,0.6,27.0,140.0,30.0,0.6,0.0,4.0,0.0,0.04,0.4,0
160,Cluster beans,,81.0,3.2,0.4,10.8,1.4,3.2,16.0,130.0,57.0,1.08,198.0,49.0,0.09,0.03,0.6,0
161,Cowpea pods,,85.3,3.5,0.2,8.1,0.9,2.0,48.0,72.0,59.0,2.5,564.0,14.0,0.07,0.09,0.9,0
162,Cucumber,83.0,96.3,0.4,0.1,2.5,0.3,0.4,13.0,10.0,25.0,0.6,0.0,7.0,0.03,0.0,0.2,0
163,Chattel,79.0,89.72,2.04,0.18,6.1,0.78,1.2,34.0,70.08,45.79,0.92,,317.69,,,,0
164,Colocasia stem,86.0,94.0,0.3,0.3,3.6,1.2,0.6,18.0,60.0,20.0,0.5,104.0,3.0,0.07,0.07,0.1,0
165,Capsicum Yellow,97.0,88.69,0.86,0.11,17.2,0.5,0.66,73.23,17.05,33.55,1.94,,115.82,,,,0
166,Capsicum Red,97.0,88.86,0.92,0.1,25.2,0.55,0.7,105.38,25.41,35.38,2.38,,,,,,0
167,Capsicum Green,97.0,93.0,0.9,0.11,25.0,0.52,0.7,103.6,25.1,32.65,,,48.03,,,,0
168,Chillies Akbare Fresh,100.0,85.77,3.81,0.62,8.2,,0.76,53.42,,,,,,,,,0
169,Chillies Akbare Dry,100.0,11.39,13.97,7.77,52.9,6.64,7.34,337.37,,306.0,5.43,,,,,,4
170,Celery Stalks,,93.5,0.8,0.1,3.5,0.9,1.2,18.0,30.0,38.0,4.8,520.0,6.0,0.12,0.05,0.3,0
171,Double bean,,73.8,8.3,0.3,12.3,1.0,4.3,85.0,40.0,140.0,2.3,,22.0,,,,0
172,Drumstick flower,,85.9,3.6,0.8,7.1,1.3,1.3,50.0,51.0,90.0,,,,,,,0
173,Drumstick,83.0,86.9,2.5,0.1,3.7,2.0,4.8,26.0,30.0,110.0,0.18,110.0,120.0,0.05,0.07,0.2,0
174,French bean,94.0,91.4,1.7,0.1,4.5,0.5,1.8,26.0,50.0,28.0,0.61,132.0,24.0,0.08,0.06,0.3,0
175,Field bean tender,93.0,86.1,3.8,0.7,6.7,0.9,1.8,48.0,210.0,68.0,0.83,187.0,9.0,0.1,0.06,0.7,0
176,Jack fruit tender,,84.0,2.6,0.3,9.4,0.9,2.8,51.0,30.0,40.0,1.7,0.0,14.0,0.05,0.4,85.0,0
177,Knol-knol,74.0,92.7,1.1,0.2,3.8,0.7,1.5,21.0,20.0,35.0,0.4,21.0,85.0,0.05,0.09,0.5,0
178,Karonda Fresh,98.0,91.0,1.1,2.9,2.9,0.6,1.5,42.0,21.0,28.0,,,,,,,0
179,Ladies finger,84.0,89.6,1.9,0.2,6.4,0.7,1.2,35.0,66.0,56.0,0.35,52.0,13.0,0.07,0.1,0.6,0
180,Leeks,,78.9,1.8,0.1,17.2,0.7,1.3,77.0,50.0,70.0,2.3,18.0,11.0,0.23,,,0
181,"Lakooch, Badher raw",,89.4,1.6,1.2,13.9,1.1,2.8,73.0,67.0,25.0,,,,,,,0
182,"Lotus stem, dry",100.0,9.5,4.1,1.3,51.4,8.7,25.0,234.0,405.0,128.0,60.6,0.0,3.0,0.82,1.21,1.9,3
183,Mushroom Botton (Gobre),88.0,88.5,4.6,0.8,4.3,1.4,0.4,43.0,6.0,110.0,1.5,,,,,,0
184,Mushroom Oyster (Kanne),86.0,88.0,3.0,0.2,5.8,1.3,0.9,37.0,,1.5,,,,,,,0
185,"Mushroom, wild , dry",,17.1,16.9,0.9,14.1,17.8,20.8,134.7,,743.0,17.2,,,,,,3
186,Mango green,72.0,87.5,0.7,0.1,10.1,0.4,1.2,44.0,10.0,19.0,6.33,90.0,3.0,0.04,0.01,0.2,0
187,Onion stalk (Green),100.0,87.6,0.9,0.2,8.9,0.8,1.6,41.0,50.0,50.0,7.43,595.0,17.0,0.0,0.03,0.3,0
188,Pink beans,94.0,86.8,3.1,0.4,7.0,0.6,2.1,44.0,54.0,70.0,1.5,453.0,12.0,0.06,0.02,0.6,0
189,Pumpkin,79.0,92.6,1.4,0.1,4.6,0.6,0.7,25.0,10.0,30.0,0.44,50.0,2.0,,,,0
190,Plantain flower,43.0,89.9,1.7,0.7,5.1,1.3,1.3,34.0,32.0,42.0,1.6,27.0,16.0,0.05,0.02,0.4,0
191,Plantain green,58.0,83.2,1.4,0.2,14.0,0.5,0.7,64.0,10.0,29.0,6.27,30.0,24.0,0.05,0.02,0.3,0
192,plantain stem,,88.3,0.5,0.1,90.7,0.6,0.8,42.0,10.0,10.0,1.1,0.0,7.0,0.02,0.01,0.2,4
193,Pumpkin flower,,89.1,2.2,0.8,5.8,1.4,0.7,39.0,120.0,60.0,,,,,,,0
194,Parwar,95.0,92.0,2.0,0.3,2.2,0.5,3.0,20.0,30.0,40.0,1.7,153.0,29.0,0.05,0.06,0.5,0
195,Peas,53.0,72.1,7.2,0.1,15.9,0.8,4.0,93.0,20.0,139.0,1.5,83.0,9.0,0.25,0.01,0.8,0
196,Papaya green,,92.0,0.7,0.2,5.7,0.5,0.9,27.0,28.0,40.0,0.9,0.0,12.0,0.01,0.01,0.1,0
197,Ridge gourd,82.0,95.2,0.5,0.1,3.4,0.3,0.5,17.0,18.0,26.0,0.39,33.0,5.0,,0.01,0.2,0
198,"Rape, stem",,91.4,0.1,1.4,4.0,1.4,1.5,29.0,100.0,100.0,1.2,,,,,,0
199,Redgram tender,72.0,65.1,9.8,1.0,16.9,1.0,6.2,116.0,57.0,164.0,1.1,469.0,25.0,0.32,0.33,3.0,0
200,Red beans (Rato Bodi),,88.5,3.1,0.1,5.2,0.6,2.5,34.0,18.1,254.0,4.9,,,,,,0
201,Red bean (Simi),91.0,88.85,3.5,0.1,26.6,1.5,2.7,121.0,33.0,258.0,5.0,,7.8,,,,0
202,Spotted beans (Chirke simi),,70.72,3.34,0.75,21.8,1.24,2.12,107.0,,,,,,,,,0
203,Red cowpea,34.0,88.5,3.1,0.1,5.2,0.6,2.5,34.0,18.1,254.0,4.9,,,,,,0
204,Snakegourd,98.0,94.6,0.5,0.3,3.3,0.5,0.8,18.0,26.0,20.0,1.51,96.0,0.0,0.04,0.06,0.3,0
205,Sponge guard,83.0,93.13,1.03,0.11,5.0,0.35,0.39,26.43,28.2,30.07,1.18,,4.55,,,,0
206,Sannhemp flower,,78.9,4.8,0.6,10.4,1.4,3.9,66.0,200.0,100.0,,,,,,,0
207,Silkcotton flower,,86.4,1.5,0.3,9.5,0.7,1.6,47.0,22.0,45.0,,,,,,,0
208,Spinach stalk,,93.4,0.9,0.1,3.8,1.8,1.5,20.0,90.0,20.0,1.6,,3.0,,,,0
209,Sword beans,98.0,87.2,2.7,0.2,7.8,0.6,1.5,44.0,60.0,40.0,2.0,12.0,0.08,0.08,0.5,,0
210,Soyabean tender,58.0,1.33,14.89,2.92,15.1,2.1,3.68,146.2,89.7,206.7,3.7,,4.55,,,,0
211,Tomato green,98.0,93.1,1.9,0.1,3.6,0.6,0.7,23.0,20.0,36.0,1.8,192.0,31.0,0.07,0.01,0.4,0
212,Tomato red,100.0,93.5,1.3,0.1,3.9,0.7,0.5,21.0,15.0,27.0,0.7,424.0,23.0,,,,0
213,Tree tomato,90.0,86.2,1.5,0.2,6.7,1.2,4.2,35.0,12.0,46.0,1.0,324.0,0.0,,,,0
214,Tinda tender,99.0,93.5,1.4,0.2,3.4,0.5,1.0,21.0,25.0,24.0,0.9,13.0,18.0,0.04,0.08,0.3,0
215,Vegetable marrow,94.0,94.8,0.5,0.1,3.5,0.3,0.8,17.0,10.0,30.0,1.35,,18.0,0.02,0.0,0.4,0
216,Water chesnut fresh,38.0,70.0,4.7,0.3,23.3,1.1,0.6,115.0,20.0,150.0,0.8,12.0,9.0,0.05,0.07,0.6,0
217,Water chesnut dry,,13.8,13.4,0.8,68.9,3.1,1.5,70.0,440.0,2.4,,,,,,,4
218,Water lily flower,,90.8,1.6,0.6,5.4,0.7,0.9,33.0,29.0,18.0,,,,,,,0
219,Winged bean tender,,86.6,2.66,34.0,7.9,0.76,1.79,45.1,26.32,51.1,,,3.37,,,,0
220,Beet root,85.0,87.7,1.7,0.1,8.8,0.8,0.9,43.0,18.0,55.0,1.19,0.0,10.0,0.04,0.09,0.4,0
221,Banana rhizome,35.0,85.1,0.4,0.2,11.8,1.4,1.1,51.0,25.0,10.0,1.1,16.0,1.0,0.0,0.03,0.2,0
222,Colacasia,,73.1,3.0,0.1,21.1,1.7,1.0,97.0,40.0,140.0,0.42,24.0,0.0,0.09,0.03,0.4,0
223,Cassava,,62.5,1.2,0.3,34.7,2.41,0.43,146.3,33.0,,0.7,,,,,,0
224,Carrot,95.0,86.0,0.9,0.2,10.6,1.1,1.2,47.8,80.0,530.0,1.03,4275.0,3.0,0.04,0.02,0.6,0
225,Cho-cho marrow root,87.0,76.19,1.9,0.1,20.3,0.97,0.7,89.93,52.47,60.46,0.89,0.0,10.02,,,,0
226,Ghar tarul,100.0,58.61,4.0,0.1,32.6,2.06,2.56,147.0,69.8,,24.03,,,,,,0
227,Garlic dry,85.0,62.0,6.15,0.1,29.8,1.0,0.8,145.0,30.0,310.0,1.3,,13.0,0.06,0.23,0.4,0
228,Gittha,66.0,68.31,3.72,0.9,25.2,0.93,0.91,124.0,12.41,,0.95,0.0,,,,,0
229,Lotus root,,85.9,1.7,0.1,11.3,0.2,0.8,53.0,21.0,74.0,0.4,,22.0,0.1,,,0
230,Mango ginger,87.0,85.0,1.1,0.7,10.5,1.4,1.3,53.0,25.0,90.0,2.6,20.0,1.0,0.01,0.03,0.0,0
231,Onion   (Small),,84.3,1.8,0.1,12.6,0.6,0.6,59.0,40.0,60.0,1.2,15.0,2.0,0.08,0.02,0.5,0
232,Onion   (Big),95.0,86.6,1.2,0.1,10.4,0.4,1.3,47.0,47.0,50.0,0.6,0.0,11.0,0.08,0.01,0.4,0
233,Potato,85.0,74.7,1.6,0.1,22.4,0.6,0.6,97.0,10.0,40.0,0.46,0.0,17.0,0.1,0.01,1.2,0
234,Potato( Red),100.0,82.0,1.1,0.52,15.0,0.72,0.25,72.0,5.42,50.1,0.48,,,,,,0
235,Potato boiled ( without skin),,81.0,1.9,0.1,16.3,0.7,0.4,72.0,7.0,44.0,,11.0,0.06,0.02,1.3,,0
236,Potato chips fried,,4.2,3.6,43.8,45.9,2.5,0.9,562.0,18.0,74.0,1.6,0.0,0.0,,0.02,0.5,5
237,Rani vyakur,78.0,72.72,2.3,0.2,22.7,1.41,1.1,101.0,24.71,,8.38,,,,,,0
238,Radish Pink,98.0,90.8,0.6,0.3,6.8,0.9,0.6,32.0,50.0,20.0,0.37,0.0,17.0,0.06,0.02,0.5,0
239,Radish white,99.0,94.4,0.7,0.1,22.7,0.6,9.6,101.0,24.7,,0.4,3.0,15.0,0.06,0.02,0.5,0
240,Radish Rat- tailed,,92.3,1.3,0.03,4.3,0.7,0.4,72.0,7.0,44.0,,11.0,0.06,0.02,1.3,,0
241,Sweet Potato( white)),97.0,68.5,1.2,0.3,28.3,1.0,0.7,121.0,46.0,50.0,0.21,6.0,24.0,0.08,0.04,0.7,0
242,Sweet potato red,93.0,67.6,1.35,0.5,29.1,0.74,1.0,126.0,145.81,33.97,2.21,0.0,2.42,,,,0
243,Sweet potato boiled,,70.7,1.0,0.1,27.4,0.8,0.8,114.0,36.0,56.0,0.9,0.0,11.0,0.08,0.05,0.4,0
244,Turnip red,60.0,88.9,1.2,0.2,7.7,0.7,1.3,37.0,47.7,35.2,2.3,1.2,,,,,0
245,Yam elephant,,78.7,1.2,0.1,18.4,0.8,0.9,79.0,50.0,34.0,0.6,260.0,,0.06,0.07,0.7,0
246,Yam wild,89.0,70.4,2.5,0.3,29.1,1.4,0.8,110.0,20.0,74.0,1.0,97.0,1.0,0.19,0.45,1.2,0
247,Gundurk(Mustard),100.0,11.7,4.8,0.9,17.9,,1.5,129.0,2488.0,,94.3,1520.0,,,,,0
248,Mulako Sinki,100.0,11.1,12.0,0.7,47.5,13.5,14.92,245.0,,,,,,,,,3
249,Dried rape leaves,100.0,7.4,27.0,2.9,40.7,15.3,6.7,297.0,3095.0,500.0,,,,,,,1
250,Blackgram+Colocosia tuber Maseura,100.0,7.9,19.8,0.7,63.8,4.3,3.5,341.0,17.6,401.0,4.5,,,,,,1
251,Blackgram+Colocosia tuber+Gundruk Maseura,100.0,7.8,25.3,0.7,57.6,4.9,3.7,338.0,33.37,402.0,11.6,,,,,,1
252,Blackgram+Ashgourd (kubindo) Maseura,100.0,7.1,30.3,1.0,55.5,3.6,2.5,352.0,11.7,487.0,1.9,,,,,,1
253,Blackgram+Garlic Maseura,100.0,10.1,22.0,1.2,17.9,3.2,1.2,346.0,11.9,423.0,3.3,,,,,,1
254,Blackgram+Cabbage Maseura,100.0,7.3,22.0,0.1,64.4,3.7,2.5,347.0,13.5,407.0,5.0,,,,,,1
255,Blackgram+Gardencress (Chamsur) Maseura,100.0,8.8,26.9,0.1,59.2,2.5,2.5,345.0,17.6,320.0,6.3,,,,,,1
256,Blackgram+Raddish Maseura,100.0,8.3,24.6,1.9,58.6,3.9,2.7,350.0,13.0,404.0,4.5,,,,,,1
257,Blackgram+Cauliflower Maseura,100.0,10.0,24.5,0.6,57.5,4.9,2.5,333.0,8.1,431.0,3.1,,,,,,1
258,Apple,90.0,84.6,0.2,0.5,13.4,0.3,1.0,59.0,10.0,14.0,0.66,0.0,1.0,,,,0
259,Amala ( big),95.0,86.7,0.0,0.2,13.7,0.4,3.6,54.0,,,,,324.1,,,,0
260,Amala (small),93.0,80.92,0.0,0.2,17.9,0.6,3.21,58.0,50.0,20.0,1.2,,562.62,0.03,0.01,0.2,0
261,Apricot fresh,86.0,85.3,1.0,0.3,11.6,0.7,1.1,53.0,20.0,25.0,2.2,2160.0,6.0,0.04,0.3,0.6,0
262,Apricot dried,93.0,19.4,1.6,0.7,73.4,2.8,2.1,306.0,110.0,70.0,4.6,58.0,2.0,0.22,,2.3,4
263,Avocado,,73.6,1.7,22.8,0.8,1.1,1.5,215.0,10.0,80.0,0.7,,,,,,0
264,Bael fruit,64.0,61.5,1.8,0.3,31.8,1.7,2.9,137.0,85.0,50.0,0.6,55.0,8.0,0.13,0.03,1.1,0
265,Bael sarbet,,54.5,1.7,0.1,45.2,0.3,1.5,189.0,,,,,,,,,0
266,Banana ripe,71.0,70.1,1.2,0.3,27.2,0.8,0.4,116.0,17.0,36.0,0.37,78.0,7.0,0.05,0.08,0.5,0
267,Banyan tree figs,,74.1,1.7,2.0,11.8,1.9,8.5,72.0,364.0,43.0,,,,,,,0
268,Bamboo fruit,,56.3,3.9,0.1,34.2,1.6,3.9,153.0,10.0,110.0,1.5,11.0,1.0,0.09,0.09,,0
269,Cashew fruit,77.0,86.3,0.2,0.1,12.3,0.2,0.9,51.0,10.0,10.0,0.2,23.0,180.0,0.02,0.05,0.4,0
270,"Dates, dried",86.0,15.3,2.5,0.4,75.8,2.1,3.9,317.0,120.0,50.0,7.3,26.0,3.0,0.01,0.02,0.9,4
271,"Dates, Fresh",,59.2,1.2,0.4,33.8,1.7,3.7,144.0,22.0,38.0,0.96,,,,,,0
272,Figs,99.0,88.1,1.3,0.2,7.6,0.6,2.2,37.0,80.0,30.0,1.0,162.0,5.0,0.06,0.05,0.6,0
273,Grape- pale green variety,,79.2,0.5,0.3,16.5,0.6,2.9,71.0,20.0,30.0,0.52,0.0,1.0,,,0.0,0
274,Grape-Blue variety,95.0,82.2,0.6,0.4,13.1,0.9,2.8,58.0,20.0,23.0,0.5,3.0,1.0,0.04,0.03,0.2,0
275,Grapes fruits( Marsh' seedless),,88.5,1.0,0.1,10.0,0.4,1.5,45.0,30.0,30.0,0.2,0.0,,0.12,0.02,0.3,0
276,Grape fruit( trumph) juice,,92.1,0.7,0.1,7.0,0.2,1.5,32.0,20.0,20.0,0.2,,31.0,0.12,0.02,0.3,0
277,"Guava , hill",,85.3,0.1,0.2,9.0,0.6,4.8,38.0,50.0,20.0,1.2,0.0,15.0,0.02,0.02,0.3,0
278,"Guava, country",100.0,81.7,0.9,0.3,11.2,0.7,5.2,51.0,10.0,28.0,0.27,0.0,212.0,0.03,0.03,0.4,0
279,Ground apple,,83.7,1.3,0.2,14.4,0.3,0.1,64.0,,,,,,,,,0
280,Jackfruit   ripe seed,30.0,76.2,1.9,0.1,19.8,0.9,0.9,88.0,20.0,41.0,0.56,175.0,7.0,0.03,0.13,0.13,0
281,Jambu fruit,75.0,83.7,0.7,0.3,14.0,0.4,0.6,62.0,15.0,15.0,0.43,48.0,18.0,0.03,0.01,0.2,0
282,Kussum fruit,,86.2,1.5,0.8,9.9,1.0,2.0,53.0,15.0,15.0,,,,,,,0
283,Lapsi,59.0,79.9,0.5,0.02,17.68,0.5,1.4,73.0,218.0,20.6,2.7,,48.15,,,,0
284,Lemon(Nibuwa),,85.0,1.0,0.9,11.1,0.3,0.7,57.0,70.0,10.0,0.26,0.0,39.0,0.02,0.01,0.1,0
285,Lemon sweet,79.0,90.5,0.7,0.3,7.3,0.5,1.5,35.0,30.0,20.0,0.7,0.0,54.0,,0.04,0.0,0
286,Lemon Juice,,85.0,1.0,0.9,12.8,0.3,1.5,63.0,70.0,10.0,0.3,0.0,39.0,,,,0
287,Lichi,68.0,84.1,1.1,0.2,13.6,0.5,0.5,61.0,10.0,35.0,0.7,0.0,31.0,0.02,0.06,0.4,0
288,"Lich ,bastard",,83.9,1.4,0.3,13.1,0.8,0.5,61.0,15.0,35.0,,,,,,,0
289,Lime,,44.6,1.5,1.0,10.9,0.7,1.3,59.0,90.0,20.0,0.3,15.0,63.0,0.2,0.03,0.1,0
290,"Lime, sweet, malta",67.0,90.3,0.7,0.2,7.8,0.4,0.6,36.0,30.0,20.0,1.0,0.0,54.0,,,0.0,0
291,Lakuch,76.0,82.1,0.7,1.1,3.3,0.8,1.7,66.0,50.0,50.0,0.5,254.0,135.0,0.02,0.15,0.3,0
292,Laruat,76.0,88.2,0.6,0.3,9.6,0.5,0.8,43.0,30.0,20.0,1.3,559.0,0.0,,,0.0,0
293,"Mango, Ripe",74.0,81.0,0.6,0.4,16.9,0.4,0.7,74.0,14.0,16.0,1.3,2743.0,16.0,0.8,0.09,0.9,0
294,"Mango, Ripe / Bombay",,77.75,1.2,0.03,21.0,0.2,0.07,89.0,,,,,,,,,0
295,"Mango, Ripe / Malda",,80.07,1.4,0.09,17.9,0.24,0.28,78.0,,,,,,,,,0
296,"Mango, Ripe / Sukutara",,81.41,1.0,0.17,16.9,0.26,0.17,73.0,,,,,,,,,0
297,"Mango, Ripe / Dashari",,80.79,1.1,0.06,17.6,0.26,0.18,75.0,,,,,,,,,0
298,"Mango, Ripe / Jarda",,83.32,0.8,0.03,15.0,0.4,0.41,63.0,,,,,,,,,0
299,"Mango, Ripe / Kalkatiya",,79.51,0.4,0.01,19.0,0.42,0.09,80.0,,,,,,,,,0
300,"Mango, Ripe / Fajali",,83.52,0.9,0.15,15.0,0.23,0.1,65.0,,,,,,,,,0
301,"Mango, Ripe / Amrapali",,82.54,1.5,0.09,15.4,0.42,0.08,68.0,,,,,,,,,0
302,"Mango, Ripe / Chausa",,80.57,0.77,0.08,17.8,0.42,0.34,75.0,,,,,,,,,0
303,"Mango, Ripe / Mallika",,81.44,0.61,0.09,17.4,0.46,0.04,73.0,,,,,,,,,0
304,"Mahua, ripe",,73.6,1.4,1.6,22.7,0.7,1.5,111.0,45.0,22.0,0.23,307.0,40.0,,,,0
305,Mulberry,100.0,86.5,1.1,0.4,10.3,0.6,1.1,49.0,70.0,30.0,2.3,57.0,12.0,0.04,0.13,0.5,0
306,Melon water,78.0,95.8,0.2,0.2,3.3,0.3,0.2,16.0,11.0,12.0,7.9,0.0,1.0,0.2,0.04,0.1,0
307,Neem fruit,,81.9,1.3,1.0,15.1,1.0,0.7,75.0,25.0,41.0,,,,,,,0
308,Junar,,87.51,4.8,0.05,11.9,,1.5,48.0,,,,,,,,,0
309,Orange,67.0,87.6,0.7,0.2,10.9,0.3,0.3,48.0,26.0,20.0,0.32,1104.0,30.0,,,,0
310,Orange juice,,97.7,0.2,0.1,1.9,0.1,1.5,9.0,5.0,9.0,0.7,15.0,64.0,0.06,0.02,0.4,0
311,Papaya   (ripe),75.0,90.8,0.6,0.1,7.2,0.5,0.8,32.0,17.0,13.0,0.5,666.0,57.0,0.4,0.25,0.2,0
312,Persimon with peel,,81.96,0.7,0.138,17.9,,0.57,129.0,10.71,35.9,0.29,,46.0,,,,0
313,Persimon without peel,,83.28,0.9,0.11,17.9,,0.85,129.0,11.14,25.5,0.27,,34.6,,,,0
314,Peaches,88.0,86.0,1.2,0.3,10.5,0.8,1.2,50.0,15.0,41.0,2.4,0.0,6.0,0.02,0.03,0.5,0
315,Phalsa,59.0,80.8,1.3,0.9,14.7,1.1,1.2,72.0,129.0,39.0,3.1,419.0,22.0,,,0.3,0
316,Pinapple,60.0,87.8,0.4,0.1,10.8,0.4,0.5,46.0,20.0,9.0,2.42,18.0,39.0,0.2,0.12,0.1,0
317,Pipal tree figs,,62.4,2.6,1.7,21.2,2.3,9.9,110.0,289.0,89.0,,,,,,,0
318,Plums,90.0,86.9,0.7,0.5,11.1,0.4,0.4,52.0,10.0,12.0,0.6,166.0,5.0,0.04,0.1,0.3,0
319,Pomegranate,68.0,78.0,1.6,0.1,14.5,0.7,5.1,65.0,10.0,70.0,1.79,0.0,16.0,0.06,0.1,0.3,0
320,Pummelo,,88.0,0.6,0.1,10.2,0.5,0.6,44.0,30.0,30.0,0.3,120.0,20.0,0.03,0.03,0.2,0
321,Pear,,86.0,0.6,0.2,11.9,0.3,1.0,52.0,8.0,15.0,0.5,28.0,0.0,0.06,0.03,0.2,0
322,Pani amala,100.0,92.2,2.6,0.14,3.4,0.37,1.26,26.0,29.3,,,,,,,,0
323,Raspbery,,84.8,1.0,0.6,11.7,0.9,1.1,56.0,40.0,110.0,2.3,1248.0,30.0,,,0.8,0
324,Red rapsberry( kafal),,83.12,1.72,0.1,8.2,0.43,6.43,41.0,,,,,,,,,0
325,Rayan,,68.6,0.0,9.6,27.7,4.5,1.5,134.0,83.0,17.0,0.9,495.0,16.0,0.07,0.08,0.4,0
326,Rose sppple,100.0,89.1,0.7,0.2,8.5,0.3,1.2,39.0,10.0,30.0,0.5,141.0,3.0,0.01,0.05,0.4,0
327,Seethphal,45.0,70.5,1.6,0.4,23.5,0.9,3.1,104.0,17.0,47.0,4.31,0.0,37.0,0.07,0.17,1.3,0
328,Strawberry,96.0,87.8,0.7,0.2,9.8,0.4,1.1,44.0,30.0,30.0,1.8,18.0,52.0,0.03,0.02,0.2,0
329,Sapota,83.0,73.7,0.7,1.1,21.4,0.5,2.6,98.0,28.0,27.0,1.25,97.0,6.0,0.02,0.03,0.2,0
330,Wood apple,,64.2,7.1,3.7,18.1,1.9,5.0,134.0,130.0,110.0,0.48,61.0,3.0,0.04,0.17,0.8,0
331,Zizyphus,,81.6,0.8,0.3,17.0,0.3,1.5,74.0,4.0,9.0,0.5,21.0,76.0,0.02,0.05,0.7,0
332,Asafoetida,,16.0,4.0,1.1,67.7,7.0,4.1,297.0,690.0,50.0,39.4,4.0,0.0,,,,4
333,Anise (Sounf),,2.2,17.5,3.4,60.0,4.0,13.5,341.0,1163.0,335.0,3.8,,,0.0,0.0,0.0,3
334,Arithippilli Arisithipplli,,12.5,13.2,4.7,58.0,6.0,5.2,329.0,460.0,325.0,13.5,,,,,,4
335,Betal nut ( Supari),,11.5,4.7,10.2,66.1,1.6,13.2,375.0,295.0,105.0,4.5,,,0.21,0.4,1.3,3
336,Cinnamon,,8.8,6.1,1.9,64.6,4.2,26.5,259.0,415.0,69.0,15.0,0.0,0.0,,,,3
337,Cardamom,,20.0,10.2,2.2,42.1,5.4,20.1,229.0,130.0,160.0,4.6,0.0,0.0,0.22,0.17,0.8,3
338,"Chilliy, dry",,10.0,15.9,6.2,31.6,6.1,30.2,246.0,160.0,370.0,2.3,345.0,50.0,0.93,0.43,9.5,3
339,"Chilliy, green",90.0,85.7,2.9,0.6,3.0,1.0,6.8,29.0,30.0,80.0,4.4,175.0,111.0,0.19,0.39,0.9,0
340,"Cloves, dry",100.0,25.2,5.2,8.9,46.0,5.2,9.5,286.0,740.0,100.0,11.7,253.0,0.0,0.08,0.13,0.0,4
341,"Coriander, dry",,11.2,14.4,16.1,21.6,4.4,32.6,288.0,630.0,393.0,7.1,942.0,0.0,0.22,0.35,1.1,3
342,Cumin seed,,11.9,18.7,15.0,36.6,5.8,12.0,356.0,1080.0,511.0,11.7,522.0,3.0,0.55,0.36,2.6,3
343,Fenμgreek seed,,13.7,26.2,5.8,44.1,3.0,7.2,333.0,160.0,370.0,6.5,96.0,0.0,0.34,0.29,1.1,1
345,"Ginger, fresh",,80.9,2.3,0.9,12.3,1.2,2.4,67.0,20.0,60.0,3.5,40.0,6.0,0.06,0.03,0.6,0
346,Mace,,15.9,6.5,24.5,47.8,1.6,3.8,437.0,180.0,100.0,12.6,3027.0,0.0,0.25,0.42,1.4,4
347,Nutmeg,,14.3,7.5,36.4,28.5,1.7,11.6,472.0,120.0,240.0,2.03,0.0,0.0,0.33,0.01,1.4,3
348,Omum,,7.4,17.1,21.8,24.6,7.9,21.2,363.0,1525.0,443.0,12.5,71.0,,0.21,0.28,2.1,3
349,pepper dry,95.0,18.2,11.5,6.8,49.2,4.4,14.9,304.0,460.0,198.0,12.4,1080.0,,0.09,0.14,1.4,3
350,Pepper green,81.0,70.6,4.8,2.7,13.7,1.8,6.4,98.0,270.0,70.0,2.4,540.0,1.0,0.05,0.04,0.2,0
351,Tamarind pulp,,20.9,3.1,0.1,67.4,2.9,5.6,283.0,170.0,110.0,17.0,60.0,3.0,,0.07,0.7,4
352,Turmeric,100.0,13.1,6.3,5.1,69.4,3.5,2.6,349.0,150.0,282.0,67.8,30.0,0.0,0.03,0.0,2.3,4
353,Timur,100.0,13.54,4.8,6.24,17.9,8.23,1.5,129.0,,,59.94,,,,,,0
354,Zimbu,100.0,18.44,4.8,0.9,17.9,9.73,1.5,129.0,,,48.9,,,,,,0
355,"Lime, peel",,66.5,1.8,0.5,29.4,1.8,1.5,129.0,710.0,60.0,2.7,,,,,,0
356,Almond,,5.2,20.8,58.9,10.5,2.9,1.7,665.0,230.0,490.0,5.09,0.0,0.0,,,,5
357,Cashew nut,,5.9,21.2,46.9,22.3,2.4,1.3,596.0,50.0,450.0,5.8,60.0,0.0,,,,5
358,Coconut (dry),,4.3,6.8,62.3,18.4,1.6,6.6,662.0,400.0,210.0,7.8,0.0,7.0,,,,5
359,Coconut (fresh),100.0,36.3,4.5,41.6,13.0,1.0,3.6,444.0,10.0,240.0,1.7,0.0,1.0,0.05,0.1,0.8,5
360,chilgoza,,4.0,13.9,49.3,29.0,2.8,1.0,615.0,91.0,494.0,3.6,,0.0,0.32,0.3,3.6,5
361,Filinge( Jhusetil),,2.2,25.6,41.4,22.3,4.7,3.1,567.0,,,,,,,,,5
362,Groundnut,73.0,3.0,25.3,40.1,26.1,2.4,3.1,567.0,90.0,350.0,2.5,37.0,0.0,,,,5
363,"Groundnut, roasted",69.0,1.7,26.2,39.8,26.7,2.5,3.1,570.0,77.0,370.0,3.1,,0.0,0.39,0.13,22.1,5
364,Linseed seeds,99.0,6.5,20.3,37.7,28.3,2.4,4.8,533.0,170.0,370.0,2.7,30.0,0.0,,,,5
365,Walnut,45.0,4.5,15.6,64.5,11.0,1.8,2.6,687.0,100.0,380.0,2.04,6.0,0.0,,,,5
366,Silam,100.0,6.2,20.0,22.1,30.6,3.5,3.13,461.0,,,,,,,,,5
367,Mustard seed,,8.5,20.0,39.7,23.8,4.2,1.8,541.0,490.0,700.0,7.9,162.0,0.0,,,,5
368,Niger seed,,4.2,23.9,39.0,17.1,4.9,10.9,515.0,300.0,224.0,56.7,,,,,,5
369,Pistachio nut,,5.6,19.8,53.5,16.2,2.8,2.1,626.0,140.0,430.0,7.7,144.0,,,,,5
370,Poppy Seed,,4.9,15.1,2.3,75.3,5.9,1.9,382.0,981.0,625.0,5.2,,,0.88,0.0,0.8,4
371,Safflower seed,,5.5,13.5,25.6,17.9,2.6,34.9,356.0,236.0,823.0,4.6,,,,,,3
372,Sunflower seed,52.0,5.5,19.8,52.1,17.9,3.7,1.0,620.0,280.0,670.0,5.0,0.0,1.0,,,,5
374,Sesame seed black,,6.36,21.3,47.97,9.33,6.12,8.86,554.0,,,,,,,,,5
375,Sesame seed white,,4.28,25.9,49.57,12.4,5.34,2.53,599.0,,442.0,4.59,,,,,,5
376,Sesame seed brown,,5.88,23.4,37.3,22.9,7.62,2.89,521.0,,480.0,16.13,,,,,,5
377,Siltimur,,5.1,7.1,42.15,26.3,4.95,14.4,542.0,,,,,,,,,3
378,Bhang ko geda,,6.2,19.9,34.8,30.6,5.26,3.1,516.0,,,,,,,,,5
379,Buffalo meat (lean meat),,78.7,19.4,0.9,0.0,1.0,1.5,86.0,3.0,189.0,,,,,,,0
380,Buff Sausage,100.0,67.34,15.9,5.64,8.8,2.21,1.5,150.0,,,,,,,,,0
381,Chicken flesh,,68.7,18.8,17.6,0.0,1.1,0.0,187.0,12.0,188.0,3.0,0.0,,,,,0
382,Chicken Sausage,100.0,64.62,16.5,18.8,0.0,2.0,0.09,253.0,,167.0,0.55,,,,,,5
383,Duck meat,,72.3,21.6,4.8,0.0,1.2,1.5,130.0,4.0,235.0,,,,,,,0
384,Field rat's meet,,73.9,23.6,1.0,0.9,1.4,1.5,104.0,30.0,242.0,,,,,,,0
385,Finch,,68.8,26.6,3.0,17.9,1.7,1.5,133.0,90.0,347.0,,,,,,,1
386,Goat- Meat(Lean meat),,74.2,21.4,3.6,0.0,1.1,1.5,118.0,12.0,193.0,,,,,,,0
387,"Liver , goat",,76.3,20.0,3.0,17.9,1.3,1.5,107.0,17.0,279.0,,,,,,17.6,0
388,"Liver , sheep",,70.4,19.3,7.5,1.3,1.5,1.5,150.0,10.0,380.0,6.3,,20.0,0.36,1.7,6.8,0
389,Mutton muscle,,71.5,18.5,13.3,17.9,1.3,1.5,194.0,150.0,150.0,2.5,,,0.36,0.14,2.8,1
390,Pork muscle,,77.4,18.7,4.4,17.9,1.0,1.5,114.0,30.0,200.0,2.2,,,,,,0
391,Pigeon meat,,70.4,23.3,4.9,17.9,1.4,1.5,137.0,12.0,290.0,,,2.0,0.18,0.09,2.8,1
392,Ham Sliced (Barume),100.0,65.49,20.8,23.9,12.5,2.45,1.5,349.0,12.41,175.5,0.67,,,,,,5
393,Ham(Smoked),100.0,63.2,21.4,15.0,0.4,,0.002,122.0,8.65,240.0,1.05,,,,,,0
394,Pork Bacon (Swiss Gourmet),100.0,50.0,14.9,21.0,10.1,4.0,0.02,289.0,,173.0,0.72,,,,,,5
395,Pork Prine Bacon,,51.62,18.8,23.0,3.4,3.2,0.012,296.0,,311.0,0.53,,,,,,5
396,Pork Sausages,100.0,63.36,19.2,28.95,13.7,2.21,1.5,392.0,15.53,286.0,0.83,,,,,,5
397,Salami Cooked,100.0,57.0,17.8,4.0,0.0,4.9,0.012,172.0,9.75,195.0,1.65,,,,,,0
398,"Snail , small",,78.9,12.6,1.0,3.7,3.8,1.5,74.0,1321.0,147.0,,,,,,,0
399,"Snail , big",,74.1,10.5,0.6,12.4,2.4,1.5,97.0,870.0,116.0,,,,0.54,,,0
400,Turtle meat,,79.4,16.5,1.5,1.5,1.1,1.5,86.0,7.0,162.0,,,,,,,0
401,Venison,,75.3,21.0,0.6,1.9,1.2,1.5,97.0,3.0,233.0,,,,,,,0
402,Duck- egg,,71.0,13.5,13.5,0.8,1.0,1.5,181.0,70.0,260.0,2.5,540.0,,0.12,0.26,0.1,0
403,Hen- egg,,73.7,13.3,13.3,17.9,1.0,1.5,173.0,60.0,220.0,2.1,600.0,0.0,0.1,0.4,,0
404,Battai-egg( Quail egg),,74.35,13.0,11.09,0.41,,1.5,158.0,62.0,220.0,3.7,,0.0,,,,0
405,Bam fish,,74.8,16.1,0.9,6.9,1.3,1.5,100.0,330.0,240.0,0.8,,3.0,,,0.3,0
406,Hisla,,53.7,21.8,19.4,2.9,2.2,1.5,273.0,180.0,280.0,2.1,,24.0,,,2.8,5
407,Katla,,73.7,19.5,2.4,2.9,1.5,1.5,111.0,530.0,235.0,0.9,,,,,0.8,0
408,Kol,,70.0,14.8,8.8,4.4,2.0,1.5,156.0,410.0,390.0,1.4,,32.0,,,0.8,0
409,Mungri,,78.5,15.0,1.0,4.2,1.3,1.5,86.0,210.0,290.0,0.7,,11.0,,,0.5,0
410,Singhi,,68.0,22.8,0.6,6.9,1.7,1.5,124.0,670.0,650.0,2.3,,9.0,,,0.8,1
411,Tengra fish,,70.0,19.2,6.4,2.3,2.1,1.5,144.0,270.0,170.0,2.0,,18.0,,,,0
412,Prawn,45.0,77.4,19.1,1.0,0.8,1.7,1.5,89.0,323.0,278.0,5.3,0.0,,0.01,0.01,4.8,0
413,Crab small,,65.3,11.2,9.8,9.1,4.6,1.5,169.0,1606.0,253.0,,,,,,,0
414,Rahu,78.0,76.7,16.7,1.4,4.4,0.9,1.5,97.0,650.0,175.0,1.0,0.0,22.0,0.05,0.05,0.7,0
415,Dry fish (Sun dried ),,13.96,64.9,4.21,16.9,,1.5,366.0,,,,,,,,,1
416,Dried Fish,,19.7,58.5,11.14,17.9,,1.5,129.0,,,,,,,,,1
417,Salted Dry Fish,,13.4,62.2,6.03,18.4,,1.5,377.0,,,,,,,,,1
418,Smoked Dry Fish,,10.42,70.8,7.23,11.6,,1.5,391.0,,,,,,,,,1
419,Buffalo milk,100.0,81.0,4.3,6.5,7.4,0.8,1.5,105.0,210.0,130.0,0.2,160.0,1.0,0.04,0.1,0.1,0
420,Cow milk,100.0,87.5,3.2,4.1,4.4,0.8,1.5,67.0,120.0,90.0,0.2,174.0,2.0,0.05,0.19,0.1,0
421,Curd,100.0,89.1,3.1,4.0,3.0,0.8,1.5,60.0,149.0,93.0,0.2,137.0,1.0,0.02,0.05,0.1,0
422,Dairy's milk,,,3.0,0.9,17.9,,1.5,129.0,,,,,,,,,0
423,Goat milk,100.0,86.8,3.3,4.5,4.6,0.8,1.5,72.0,170.0,120.0,0.3,,1.0,,0.04,0.3,0
424,Sheep milk,100.0,83.0,5.4,6.0,5.1,,1.5,95.0,170.0,,,,,,,,0
425,Paneer,100.0,47.5,23.7,26.0,0.6,1.9,0.3,331.0,441.0,435.0,4.5,,,,,,5
426,Cheese,100.0,40.3,24.1,25.1,6.3,4.2,1.5,348.0,790.0,520.0,2.1,,,,,,5
427,Human milk,100.0,88.0,1.1,3.4,7.4,0.1,1.5,65.0,28.0,11.0,,182.0,3.0,0.05,0.02,,0
428,Buttermilk,100.0,97.5,0.8,1.1,0.5,0.1,1.5,15.0,30.0,30.0,0.1,102.0,,0.05,,,0
429,Khuwa (whole buffalo milk),100.0,30.6,14.6,31.2,20.5,3.1,1.5,421.0,650.0,420.0,5.8,273.0,,,,,5
430,Skimmed milk powder (cow's milk),100.0,4.1,38.0,0.1,51.0,6.8,1.5,357.0,1370.0,1000.0,1.4,,5.0,,1.64,1.0,1
431,"Channa, buffalo's milk",100.0,54.1,13.4,23.0,7.9,1.6,1.5,292.0,480.0,277.0,,0.0,,,,,5
432,Butter,100.0,19.0,4.8,81.0,17.9,2.5,1.5,729.0,,,,3200.0,,,,,2
433,Ghee cow,100.0,,4.8,100.0,17.9,,1.5,900.0,,,,2000.0,,,,,2
434,Ghee (Buffalo),100.0,,4.8,100.0,17.9,,1.5,900.0,,,,900.0,,,,,2
435,Ghee vegetable,100.0,,4.8,100.0,17.9,,1.5,129.0,,,,,,,,,2
436,Vegetable cooking oil,100.0,,4.8,100.0,17.9,,1.5,900.0,,,,0.0,,,,,2
437,Hydrogenated oil,100.0,,4.8,100.0,17.9,,1.5,900.0,,,,2500.0,,,,,2
438,Sunflower oil,100.0,,4.8,100.0,17.9,,1.5,900.0,,,,,,,,,2
439,Soya bean oil,100.0,,4.8,100.0,17.9,,1.5,900.0,,,,,,,,,2
440,Corn oil,100.0,,4.8,100.0,17.9,,1.5,900.0,,,,,,,,,2
441,Coconut oil,100.0,,4.8,100.0,17.9,,1.5,900.0,,,,,,,,,2
442,Cotton seed oil,100.0,,4.8,100.0,17.9,,1.5,900.0,,,,,,,,,2
443,Olive oil,100.0,,4.8,100.0,17.9,,1.5,900.0,,,,,,,,,2
444,Ground nut oil,100.0,,4.8,100.0,17.9,,1.5,900.0,,,,,,,,,2
445,Seasome oil,100.0,,4.8,100.0,17.9,,1.5,900.0,,,,,,,,,2
446,Linseed oil,100.0,,4.8,100.0,17.9,,1.5,900.0,,,,,,,,,2
447,Areca nut,,31.3,4.9,4.4,47.2,1.0,11.2,249.0,50.0,130.0,1.5,3.0,5.0,,0.03,0.7,3
448,Betel leaves,,85.4,3.1,0.8,6.1,2.3,2.3,44.0,230.0,40.0,7.0,5760.0,,0.07,,,0
449,"Biscuit, salty",100.0,4.5,6.6,32.4,54.6,1.9,1.5,534.0,,,,,,,,,4
450,"Biscuit, sweet",100.0,5.4,6.4,15.2,71.9,1.1,1.5,450.0,,,,,,,,,4
451,Brown bread,100.0,39.0,8.8,1.4,49.0,,1.2,244.0,18.0,,2.2,,,0.21,,0.7,4
452,Bread white,100.0,39.0,7.8,0.7,51.9,,0.2,245.0,11.0,,1.1,,,,,,4
453,Corn flakes,100.0,2.2,7.4,0.5,17.9,2.1,1.1,129.0,,,,,,,,,0
454,Canu sugar,100.0,0.4,0.1,0.0,99.4,0.1,0.0,398.0,,,,,,,,,4
455,Coconut tender,,90.8,0.9,1.1,6.3,0.6,1.5,41.0,10.0,30.0,0.9,,,,,,0
456,coconut water,100.0,93.8,1.4,0.1,4.4,0.3,0.0,24.0,24.0,10.0,0.1,0.0,2.0,0.01,0.0,0.1,0
457,Grounnut cake,,7.2,40.9,7.4,38.8,2.5,3.2,386.0,213.0,548.0,,,,,,,1
458,Honey,,2.06,0.3,0.0,79.5,0.2,1.5,319.0,5.0,16.0,0.9,0.0,4.0,0.0,0.04,0.2,4
459,jaggary white,,8.6,3.7,0.1,85.2,2.4,1.5,357.0,63.0,49.7,7.2,,,,,,4
460,Chaku,,3.6,3.9,0.5,89.7,3.4,1.5,379.0,65.0,52.1,9.6,,,,,,4
461,Dhatelo,,6.72,27.5,30.4,29.9,2.7,2.7,504.0,,,,,,,,,5
462,Jack fruit seeds,,64.5,6.6,0.4,25.8,1.2,1.5,133.0,50.0,97.0,1.5,10.0,11.0,0.25,0.11,0.3,0
463,Jaggary cane,,3.9,0.4,0.1,95.0,0.6,1.5,383.0,80.0,40.0,11.4,168.0,0.0,0.02,0.04,0.5,4
464,Jandh,,94.6,2.0,0.075,17.9,0.56,1.5,2.6,20.2,1.5,0.015,,,,,,0
465,Mahuwa flowers,89.0,18.6,4.4,0.6,72.0,2.7,1.7,311.0,140.0,140.0,15.0,23.0,7.0,0.03,0.88,5.2,4
466,Malberry leaves powder,,6.4,13.0,2.1,38.2,6.7,8.5,293.0,162.6,,,,,,,,1
467,Papad,100.0,20.3,18.8,0.3,52.4,8.2,1.5,228.0,80.0,300.0,17.2,0.0,0.0,,,,1
468,Pumpkin seed,70.0,8.0,24.3,47.2,15.6,4.7,0.2,584.0,50.0,830.0,5.5,38.0,1.0,0.33,0.16,3.1,5
469,Sugacane juice,,90.2,0.1,0.2,9.1,0.4,1.5,39.0,10.0,10.0,1.1,6.0,,,0.04,,0
470,Sohan papad,100.0,1.75,6.3,25.9,63.5,0.35,2.1,513.0,,,,,,,,,4
471,Yarsagumba Capsule,100.0,13.45,22.0,5.86,42.7,5.55,10.35,312.0,,204.0,22.69,,,,,,1
472,Cooked rice,,67.5,2.5,0.17,29.4,0.31,1.5,129.0,,,,,,,,,0
473,Dal(pulses),,86.3,3.3,0.6,7.4,2.28,1.5,48.7,,,,,,,,,0
474,Green vegetables,,83.1,2.0,2.61,7.3,2.59,2.32,61.0,,,,,,,,,0
475,Mixed vegetables,,82.9,1.94,2.51,7.5,2.31,2.9,61.0,,,,,,,,,0
476,Whole wheat bread,,,8.0,1.0,44.0,,1.5,218.0,30.0,,3.0,,,,,,4
477,Maize dough( Dhindo),,,2.8,1.2,22.2,,1.5,111.0,6.0,,0.72,,,,,,0
478,Bengalgram vegetables,,,5.92,1.85,21.5,,1.5,127.0,71.1,,1.62,,,,,,0
479,Samosa,,41.3,4.6,14.8,36.7,2.1,0.48,298.0,,,,,,,,,4
480,Aaluchap,,51.5,4.2,11.5,29.6,2.5,1.01,238.0,,,,,,,,,0
481,Pakauda,,29.5,5.4,21.1,37.3,3.58,3.05,361.0,,,,,,,,,4
482,Sel,,22.1,4.5,11.7,61.3,0.41,0.07,225.0,,,,,,,,,4
483,jeri,,15.8,2.4,21.3,60.4,0.34,1.5,445.0,,,,,,,,,4
484,Buff Momo,100.0,53.2,11.7,7.74,24.6,1.8,0.89,215.0,,,,,,,,,0
485,Chicken Momo,100.0,56.4,9.8,8.06,23.6,1.55,0.55,206.0,,,,,,,,,0
486,Paneer Momo,100.0,48.0,9.3,11.7,28.1,1.89,0.84,256.0,,,,,,,,,0
487,Paneer+Veg Momo,100.0,64.9,4.7,2.62,25.1,1.77,0.91,143.0,,,,,,,,,0
488,Vegetable Momo,100.0,62.9,4.4,2.25,27.6,1.63,1.17,148.0,,,,,,,,,0
489,Aalu Naan,100.0,,5.3,0.33,41.9,0.71,0.08,175.0,,,,,,,,,0
490,Plain naan,100.0,32.4,7.6,1.53,57.9,1.21,1.5,269.0,,,,,,,,,4
491,Butter naan,100.0,34.6,7.5,4.44,55.1,1.18,0.05,283.0,,,,,,,,,4
492,Kimma naan( mutton),100.0,45.3,11.1,7.99,30.2,1.31,0.21,261.0,,,,,,,,,0
493,Chicken naan,100.0,43.3,9.6,6.28,39.3,1.37,0.11,252.0,,,,,,,,,4
494,Veg naan,100.0,47.7,6.4,3.53,40.8,1.25,0.29,221.0,,,,,,,,,4
495,Paneer naan,100.0,44.2,4.8,7.73,38.1,1.34,0.08,256.0,,,,,,,,,4
496,Maize: Wheat: soybean,,4.5,22.2,14.9,55.7,2.67,1.5,446.0,,,,,,,,,1
497,"Maize, wheat and germinated green mung",,4.2,17.0,11.7,65.0,2.12,1.5,433.0,,368.0,5.5,,29.6,,,,4
498,"Amaranths seed, barley, soybean",,3.8,25.6,12.5,54.5,3.55,1.5,433.0,,533.0,4.4,,16.2,,,,1
499,"Germinated buckwheat, amaranths seed, soybean",,3.3,24.4,3.3,54.9,3.34,1.5,386.0,,492.0,2.54,,16.1,,,,1
500,"Foxtail millet, Maize, soybean",,4.0,21.1,3.4,54.9,3.36,1.5,453.0,,425.0,2.7,,15.8,,,,1
501,"Germinated buckwheat, G green mung, Maize",,4.9,18.6,5.1,9.1,2.4,1.5,396.0,,351.0,3.1,,22.6,,,,1
502,"Uwa, Maize and soybean",,4.7,21.6,16.6,57.5,3.8,1.5,449.0,,454.0,3.8,,14.1,,,,1
503,"Barley, Maize and soybean",,4.6,22.3,11.8,57.5,3.8,1.5,425.0,,450.0,2.5,,13.8,,,,1
504,"Proso millet,,wheat, Green Mung",,3.0,18.4,2.8,72.8,3.0,1.5,390.0,,363.0,2.6,,13.3,,,,4
505,Wheat and Green mung (1:1),,7.7,15.0,1.9,72.0,2.1,1.3,365.1,61.6,149.0,13.7,,,,,,4
506,Barley and black gram (1:1),,7.3,15.1,1.7,70.7,2.5,2.7,358.5,8.7,339.0,8.7,,,,,,4
507,"Wheat, rice and green mung",,5.4,10.2,7.0,73.7,2.1,1.6,398.6,30.0,285.0,2.3,,,,,,4
508,"Rice, maize and Bengal gram",,5.7,8.4,2.6,79.7,1.8,1.8,375.8,35.0,280.0,2.2,,,,,,4
509,"Millet, rice and and Blackgram",,5.8,12.9,3.4,74.1,2.4,1.4,378.6,107.0,162.0,20.0,,,,,,4
510,Millet and blackgram (1:1),,9.2,13.8,4.4,66.2,2.9,3.5,359.6,146.0,146.0,120.0,,,,,,4
511,Rice and blackgram (1:1),,10.2,12.3,4.9,70.5,1.4,0.7,375.3,56.0,179.0,25.0,,,,,,4
512,"Rice, wheat and bengalgram",,4.7,9.3,11.8,71.2,2.1,0.9,428.2,101.0,297.0,4.0,,,,,,4
513,Jaulo (rice and green mung) 2:1,,64.5,11.4,5.2,11.4,1.3,2.0,300.0,120.0,500.0,6.0,,,,,,0
514,Amala,,93.0,2.0,0.9,2.1,1.5,1.4,16.0,20.5,,,,29.5,,,,0
515,Asparagus,,92.9,2.1,0.3,3.8,0.7,0.2,27.0,22.5,,,,20.87,,,,0
516,Bander bheti,,56.2,2.4,0.2,27.3,0.7,3.1,320.0,45.1,,,,11.7,,,,0
517,Banderi saag,,90.0,3.5,0.3,4.3,1.3,0.8,33.0,89.0,,,,,,,,0
518,Ban tarul,,76.2,1.7,0.0,17.7,3.1,1.3,77.0,43.0,,43.0,,5.45,,,,0
519,Bethe sag,,78.0,7.1,0.9,8.8,3.6,2.0,64.0,400.0,,,3334.4,,,,,0
520,"Bhriingraj, antalicha",,84.9,3.1,0.8,64.0,2.7,1.7,46.0,224.0,,,3577.0,5.45,,,,4
521,Chamsur jhar,,86.6,3.6,0.6,5.7,0.6,2.3,43.0,382.0,,,,133.3,,,,0
522,chinia,,81.5,6.1,0.9,8.7,2.2,1.5,59.0,,,,24.85,3.7,,,,0
523,Chitlang sag,,87.5,2.4,0.2,6.7,2.0,1.1,38.0,4.0,,,,24.8,,,,0
524,Chutro,,72.0,2.5,6.9,16.2,1.0,1.4,87.0,,,,,,,,,0
525,Damaiphal,,85.0,0.5,0.3,11.5,0.8,1.7,51.0,60.0,,,,,,,,0
526,"Wild mushroom,dry",,13.5,12.7,1.65,17.9,16.6,10.89,129.0,,426.0,16.33,,,,,,3
527,Frase tarul,,75.0,1.6,0.9,21.0,0.7,1.5,91.0,,,,,,,,,0
528,Gande,,82.0,2.1,0.3,11.0,2.0,2.5,55.0,105.5,54.95,16.25,43.53,7.56,,,,0
529,Ghod tapre,,79.0,3.0,0.2,13.6,1.5,2.6,68.0,155.94,50.0,8.0,,12.91,,,,0
530,Ginare dried,,7.2,22.0,0.9,37.7,21.1,12.0,238.0,232.4,,,,,,,,3
531,Githa,,74.0,1.5,0.1,22.0,0.8,1.3,96.0,61.5,81.0,3.2,707.5,5.6,,,,0
532,Guyelo,,68.0,4.6,0.7,17.9,1.0,7.8,96.0,70.2,,,,1.6,,,,0
533,Hathale sag,,90.0,3.1,0.3,3.8,1.3,1.3,31.0,76.6,,,,9514.0,,,,0
534,Jamun,,87.0,4.0,0.9,6.0,1.6,1.4,40.0,23.15,,,,,,,,0
535,Kali Kath,,65.4,1.59,0.69,25.4,1.14,5.76,114.0,95.09,,,,,,,,0
536,Kali mayel,,69.0,0.7,0.9,21.3,0.7,8.3,89.0,,,,,,,,,0
537,Kamal phal,,81.7,1.8,0.3,10.3,1.0,4.7,51.0,21.1,,,,,,,,0
538,Kane saag,,91.0,2.3,0.1,3.2,1.6,1.7,23.0,820.8,53.1,7.0,3116.0,14.39,,,,0
539,Kavro,,69.0,2.8,0.9,25.8,0.8,1.6,114.0,,,,,,,,,0
540,Khaneu,,85.1,1.4,0.3,5.6,1.3,6.1,31.0,180.7,,,,,,,,0
541,Koiralo,,84.3,1.0,3.4,8.1,2.0,0.8,54.0,75.9,,,,,,,,0
542,Kikur diano,,93.0,1.6,0.9,2.8,0.6,1.2,17.0,20.1,2.7,,,3.66,,,,0
543,"Latte saag, green stem",,78.0,6.4,0.9,11.4,3.0,2.4,71.0,,,,,,,,,0
544,"Latte saag, red stem",,81.0,4.4,0.9,9.5,2.9,1.1,48.0,,,,,,,,,0
545,Lude sag,,83.9,4.7,0.2,7.1,2.8,5.5,49.0,406.1,,,,,,,,0
546,Malo,,79.0,1.1,0.9,17.9,,1.6,129.0,,,,,78.9,,,,0
547,Maslahare,,80.0,3.3,0.05,14.1,0.9,2.9,70.0,,,,,,,,,0
548,Mayal,,79.8,0.4,0.2,16.2,0.4,1.8,68.0,,,,,,,,,0
549,Neuro,,88.0,4.4,0.2,4.2,1.3,1.0,36.0,71.53,3.95,,44.27,,,,,0
550,Phaper saag,,90.0,3.9,0.1,3.8,1.9,0.8,12.0,,,,,3.56,,,,0
551,Pidale,,93.0,2.2,0.1,2.4,1.5,1.8,19.0,14.5,,,,3.7,,,,0
552,Pudina ( Mint),,87.0,4.5,0.9,4.6,1.9,0.2,38.0,,,,3677.0,16.1,,,,0
553,Rato tarul,,74.0,1.9,0.1,2.3,0.7,10.0,100.0,76.9,45.9,1.7,34.2,3.27,,,,0
554,Sati bayer,,52.5,2.8,0.5,32.2,2.0,1.4,142.0,170.5,,,,,,,,0
555,Sisnu( Stinging Nettle),,81.7,6.9,0.2,5.0,4.2,1.8,53.0,981.3,,,,5.5,,,,0
556,Sisnu powder dry,,9.6,25.0,1.9,39.0,16.6,8.0,271.0,404.0,330.0,23.2,,,,,,1
557,Siplican,,84.0,6.3,0.9,5.8,1.9,1.8,50.0,196.0,,,,165.8,,,,0
558,Seabuck thron squash,47.7,1.02,0.1,40.82,0.16,,16.0,9.11,2.44,0.26,26.6,,,,,,3
559,Tarul githa,,76.0,2.2,0.05,3.0,0.9,1.6,85.0,,,,,8.6,,,,0
560,Tarul munta,,89.0,2.8,0.1,5.0,1.1,2.4,33.0,,,,,16.6,,,,0
561,Theki phal,,88.3,0.5,0.9,7.5,0.9,0.9,33.0,35.1,,,,2.35,,,,0
562,Thonte,,91.0,1.5,0.3,5.8,0.8,2.7,29.0,27.67,,,,6.2,,,,0
563,Timila Pakche,,88.0,1.1,0.4,7.2,0.7,1.6,37.0,,,,,53.1,,,,0
564,"Timilia, wakche",,88.0,1.0,0.9,7.4,0.8,1.5,37.0,,,,,17.3,,,,0
565,Vyakur,,77.0,1.6,0.05,17.9,0.6,1.8,129.0,,,,,6.2,,,,0
566,Vyakur githa,,80.7,2.0,0.9,14.0,0.9,1.7,66.0,,,,,7.51,,,,0
567,Vyakur jhutre,,78.0,1.5,0.9,18.0,0.8,1.5,78.0,,,,,6.94,,,,0
568,Rara,,2.0,6.15,19.9,70.0,1.63,0.14,484.0,56.0,98.0,5.1,,,,,,4
569,Maggi,,5.8,7.12,17.9,67.0,2.12,0.09,458.0,40.0,123.0,1.4,,,,,,4
570,Ezee,,7.0,5.9,16.8,66.4,3.9,1.5,440.0,14.9,85.0,3.7,,,,,,4
571,Yeo's Inst. Noodle,,7.2,11.4,18.1,61.0,2.5,1.5,454.0,19.1,112.0,2.9,,,,,,4
572,Yeo's Inst. Noodle (Curry F1),,6.9,9.1,18.0,63.6,2.1,1.5,453.0,16.4,116.0,1.4,,,,,,4
573,Yeo's Inst. Noodle (Spicy F1.),,5.9,8.8,19.4,63.6,2.3,1.5,464.0,21.8,109.0,1.9,,,,,,4
574,Yeo's Inst. Noodle (Mushroom F1),,8.5,9.0,17.6,63.0,1.8,1.5,446.0,14.0,113.0,1.1,,,,,,4
575,Ma Ma Inst. Noodle (Chicken F1 Thai),,7.6,7.3,17.3,65.0,3.0,1.5,445.0,15.7,114.0,1.6,,,,,,4
576,Ma Ma Inst. Noodle,,7.2,6.5,15.6,68.0,2.9,1.5,438.0,24.8,100.0,2.7,,,,,,4
577,Ma Ma Inst. Noodle (Shour Shrimp F1),,6.5,9.7,17.2,64.0,2.6,1.5,448.0,10.5,125.0,1.7,,,,,,4
578,Tiger bran Noodles,,12.7,10.0,1.6,75.0,0.7,1.5,357.0,14.7,75.0,1.0,,,,,,4
579,Surya Noodles,,14.0,6.2,0.6,79.0,0.57,1.5,346.0,15.6,80.0,4.0,,,,,,4
580,Testy Noodles,,12.0,7.0,0.4,80.0,0.26,1.5,352.0,14.5,81.0,2.8,,,,,,4
581,Egg steam Noodle (Tiger Br. Coiled),,13.6,6.8,1.3,77.6,0.7,1.5,349.0,25.5,106.0,0.5,,,,,,4
582,Gauri Shankar Noodle,,13.6,9.2,0.46,76.0,0.6,1.5,344.0,9.3,61.0,0.7,,,,,,4
583,San Noodle,,12.5,4.6,0.19,81.0,2.04,1.5,344.0,17.3,72.0,5.2,,,,,,4
584,San Egg Noodle,,11.6,8.0,1.4,77.0,1.8,1.5,353.0,,92.0,7.1,,,,,,4
585,Steam Chau Chau (dear Brand Colied),,13.4,8.3,0.3,77.4,0.6,1.5,345.0,29.0,75.0,1.5,,,,,,4
586,Yak Noodle,,13.2,8.6,0.2,76.5,1.5,1.5,340.0,47.0,64.0,10.0,,,,,,4
587,Annapurna steam No.,,12.5,10.9,0.3,76.0,0.5,1.5,352.0,35.0,57.0,0.5,,,,,,4
588,S.- Noodle coiled Singapore,,9.9,8.3,0.2,79.0,2.8,1.5,351.0,12.1,28.0,1.7,,,,,,4
589,Saugat,,11.8,2.0,0.6,84.0,1.2,1.5,349.0,40.0,145.0,2.2,,,,,,4
590,Gimi Spaghetti,,8.7,8.0,0.19,83.0,0.56,1.5,364.0,15.3,75.0,0.6,,,,,,4
591,Gimi Short Noodle Chicken Soup Base (Zebra),,9.7,19.81,0.23,80.0,0.48,1.5,360.0,15.3,83.0,0.7,,,,,,4
592,Chicken Cracker,,3.9,16.7,19.4,57.2,2.8,1.5,470.0,23.4,51.4,6.3,,,,,,4
593,Pra''ii Cracker,,5.6,7.4,20.9,61.3,4.8,1.5,463.0,43.7,69.2,5.0,,,,,,4
594,Paprika Cracker (Thai),,6.0,6.1,24.2,62.0,2.0,1.5,490.0,121.0,84.8,1.3,,,,,,4
595,Shrimp Cracker (Thai),,5.2,5.1,21.2,65.4,3.1,1.5,473.0,236.0,130.0,2.0,,,,,,4
596,Shrimp Cracker (Korea),,5.3,4.4,17.95,70.3,2.12,1.5,459.0,160.0,,,,,,,,4
597,Prawn Cracker raw (China),,13.2,2.5,0.26,81.1,2.9,1.5,337.0,65.0,22.0,5.1,,,,,,4
588,Cheese Ball Hello,,5.5,5.1,19.0,68.0,2.1,1.5,463.0,86.0,129.0,2.8,,,,,,4
599,Cheese Ball Hello (India),,5.6,4.8,20.0,68.0,1.43,1.5,471.0,113.0,,3.4,,,,,,4
600,Girni Short Macaroni (Nes),,6.6,8.2,0.21,84.5,0.48,1.5,373.0,17.8,75.0,2.1,,,,,,4
601,Bambion Macaroni (India),,11.3,5.6,0.19,82.5,0.46,1.5,354.0,26.2,77.0,0.6,,,,,,4
602,Ma Ma cut Macaroni (india),,12.4,9.3,0.2,75.0,3.4,1.5,339.0,8.3,,,,,,,,4
603,Rice vermiealli (Thai),,11.7,6.6,0.12,81.0,0.3,1.5,351.0,9.0,75.0,2.2,,,,,,4
604,Special Pasta,,11.4,4.0,0.5,84.0,0.48,1.5,354.0,10.6,73.0,3.9,,,,,,4
605,Vegetable Pasta,,11.4,6.1,1.45,81.0,0.47,1.5,361.0,34.0,87.0,0.3,,,,,,4
606,Pasta / (Enrico Nepal),,13.3,11.8,1.3,73.0,0.74,1.5,351.0,17.6,81.0,2.9,,,,,,4
607,Wai Wai,,1.8,7.68,20.0,66.4,3.92,0.15,476.0,87.0,120.0,4.4,,,,,,4
608,Aaha,,2.6,10.36,11.1,73.0,2.48,0.09,433.0,28.0,197.0,1.09,,,,,,4
609,New Ma Ma,,2.1,7.7,21.3,64.7,4.1,1.5,481.0,15.2,106.0,4.9,,,,,,4
610,Hits Noodle,,7.3,8.3,18.6,62.3,3.5,1.5,450.0,14.3,64.0,2.6,,,,,,4
611,Min Min,,3.9,7.7,18.1,67.0,3.4,1.5,462.0,29.7,110.0,3.5,,,,,,4
612,Fe Mee,,3.7,7.3,19.8,67.0,2.6,1.5,475.0,14.3,64.0,2.6,,,,,,4
613,Yom Yum (Snack Noodle),,2.6,7.3,18.6,68.0,3.5,1.5,469.0,29.7,98.0,0.9,,,,,,4
614,Yam Yam,,3.2,8.07,18.1,67.0,3.46,0.19,463.0,44.0,104.0,0.86,,,,,,4
615,Muesli,,5.9,10.06,5.6,75.0,1.1,2.07,390.0,220.0,21.0,1.0,,,,,,4
616,Protein supplement powder,,2.2,3.8,0.9,17.9,,1.5,129.0,717.0,,23.8,,,,,,0
617,High energy soya biscuit,,3.6,6.8,16.5,69.9,1.64,1.55,455.0,104.2,,,,,,,,4
618,High energy Khajuri biscuit,,1.4,8.4,22.8,64.6,1.5,1.5,497.0,,,,,,,,,4
619,Coffee with pulp,,12.0,7.83,1.13,66.5,4.9,7.63,307.0,,,,,,,,,4
620,Coffee without pulp,,12.4,7.0,1.08,73.2,4.7,1.7,330.0,,,,,,,,,4
621,Coffee powder refined,,3.9,13.42,15.41,61.4,5.8,1.5,438.0,,,,,,,,,4
622,Nutrimixed,,6.1,18.52,7.25,63.0,3.59,1.5,391.0,116.9,,,,49.38,,,,4
